p50,p95,p99,max,deadline_miss_rate,n_replans
0.331365476,1.7548596778999999,1.75901256703,1.79165224,0.0,9962
